BindingDB Reactant_set_id	Ligand SMILES	Ligand InChI	Ligand InChI Key	BindingDB MonomerID	BindingDB Ligand Name	Target Name	Target Source Organism According to Curator or DataSource	Ki (nM)	IC50 (nM)	Kd (nM)	EC50 (nM)	kon (M-1-s-1)	koff (s-1)	pH	Temp (C)	Curation/DataSource	Article DOI	BindingDB Entry DOI	PMID	PubChem AID	Patent Number	Authors	Institution	Link to Ligand in BindingDB	Link to Target in BindingDB	Link to Ligand-Target Pair in BindingDB	Ligand HET ID in PDB	PDB ID(s) for Ligand-Target Complex	PubChem CID of Ligand	PubChem SID of Ligand	ChEBI ID of Ligand	ChEMBL ID of Ligand	DrugBank ID of Ligand	IUPHAR_GRAC ID of Ligand	KEGG ID of Ligand	ZINC ID of Ligand	Number of Protein Chains in Target (>1 implies a multichain complex)	BindingDB Target Chain Sequence	PDB ID(s) of Target Chain	UniProt (SwissProt) Recommended Name of Target Chain	UniProt (SwissProt) Entry Name of Target Chain	UniProt (SwissProt) Primary ID of Target Chain	UniProt (SwissProt) Secondary ID(s) of Target Chain	UniProt (SwissProt) Alternative ID(s) of Target Chain	UniProt (TrEMBL) Submitted Name of Target Chain	UniProt (TrEMBL) Entry Name of Target Chain	UniProt (TrEMBL) Primary ID of Target Chain	UniProt (TrEMBL) Secondary ID(s) of Target Chain	UniProt (TrEMBL) Alternative ID(s) of Target Chain
363894	COC(=O)C[C@@H]1N=C(c2c(C)c(sc2-n2c(C)nnc12)C(=O)NCCOCCNC(=O)C[C@@H]1N=C(c2c(C)c(C)sc2-n2c(C)nnc12)c1ccc(Cl)cc1)c1ccc(Cl)cc1	InChI=1S/C43H42Cl2N10O5S2/c1-21-23(3)61-42-34(21)36(26-7-11-28(44)12-8-26)48-30(39-52-50-24(4)54(39)42)19-32(56)46-15-17-60-18-16-47-41(58)38-22(2)35-37(27-9-13-29(45)14-10-27)49-31(20-33(57)59-6)40-53-51-25(5)55(40)43(35)62-38/h7-14,30-31H,15-20H2,1-6H3,(H,46,56)(H,47,58)/t30-,31-/m0/s1	FZWPGKYEENZFAU-CONSDPRKSA-N	205431	(6S+2S)-PEG1 (7)	Isoform C of Bromodomain-containing protein 4 (Short)		 0.0078								Curated from the literature by BindingDB	10.1038/nchembio.2209	10.7270/Q2VQ31HW	27775715	aid1802215		Tanaka, M; Roberts, JM; Seo, HS; Souza, A; Paulk, J; Scott, TG; DeAngelo, SL; Dhe-Paganon, S; Bradner, JE	Dana-Farber Cancer Institute Inc	http://www.bindingdb.org/bind/chemsearch/marvin/MolStructure.jsp?monomerid=205431	http://www.bindingdb.org/jsp/dbsearch/PrimarySearch_ki.jsp?energyterm=kJ/mole&tag=pol&polymerid=8573&target=Isoform+C+of+Bromodomain-containing+protein+4+%28Short%29&column=ki&startPg=0&Increment=50&submit=Search	http://www.bindingdb.org/jsp/dbsearch/PrimarySearch_ki.jsp?energyterm=kJ/mole&tag=r21&monomerid=205431&enzyme=Isoform+C+of+Bromodomain-containing+protein+4+%28Short%29&column=ki&startPg=0&Increment=50&submit=Search			122172662	321901020							1	MSAESGPGTRLRNLPVMGDGLETSQMSTTQAQAQPQPANAASTNPPPPETSNPNKPKRQTNQLQYLLRVVLKTLWKHQFAWPFQQPVDAVKLNLPDYYKIIKTPMDMGTIKKRLENNYYWNAQECIQDFNTMFTNCYIYNKPGDDIVLMAEALEKLFLQKINELPTEETEIMIVQAKGRGRGRKETGTAKPGVSTVPNTTQASTPPQTQTPQPNPPPVQATPHPFPAVTPDLIVQTPVMTVVPPQPLQTPPPVPPQPQPPPAPAPQPVQSHPPIIAATPQPVKTKKGVKRKADTTTPTTIDPIHEPPSLPPEPKTTKLGQRRESSRPVKPPKKDVPDSQQHPAPEKSSKVSEQLKCCSGILKEMFAKKHAAYAWPFYKPVDVEALGLHDYCDIIKHPMDMSTIKSKLEAREYRDAQEFGADVRLMFSNCYKYNPPDHEVVAMARKLQDVFEMRFAKMPDEPEEPVVAVSSPAVPPPTKVVAPPSSSDSSSDSSSDSDSSTDDSEEERAQRLAELQEQLKAVHEQLAALSQPQQNKPKKKEKDKKEKKKEKHKRKEEVEENKKSKAKEPPPKKTKKNNSSNSNVSKKEPAPMKSKPPPTYESEEEDKCKPMSYEEKRQLSLDINKLPGEKLGRVVHIIQSREPSLKNSNPDEIEIDFETLKPSTLRELERYVTSCLRKKRKPQAEKVDVIAGSSKMKGFSSSESESSSESSSSDSEDSETGPA	2I8N,2JNS,2LSP,2MJV,2N3K,2NCZ,2ND0,2ND1,2OUO,2YEM,4DON,4HXK,4HXL,4HXM,4HXN,4HXO,4HXP,4HXR,4HXS,4KV4,4LYS,4Z93,5D24,5D25,5D3H,5D3J,5D3N,5D3S,5H21,5HQ7,5I80,5I88,5JWM,5KU3,5T35,5U28,5U2C,5UEO,5UEP,5UEQ,5UER,5UES,5UET,5UEU,5UEV,5UEX,5UEY,5UEZ,5UF0,5UOO,5UVS,5UVT,5UVU,5UVV,5UVW,5UVX,5UVY,5UVZ,5VZS,5W55,5WA5,5WUU,5XHY,5XI2,5XI3,5XI4,5Y1Y,5Z5T,5Z5U,5Z5V,5Z9C,6AJV,6AJW,6AJX,6AJY,6AJZ,6BNH,6C7Q,6CD4,6CJ2,6CKR,6CKS,6DJC,6DNE,6DUV,6FFD,6IN1,6JI3,6JI4,6JI5,6JJ3,6JJ5,6JJ6,6JJB,6KO2,6LG4,6LG5,6LG6,6LG7,6LG8,6LG9,6LIH,6LIM,6MNL,6P05,6SIS,6VIW,6VIX,6VIZ,6WW8,6X7D,7AQT,7C2Z,7C6P,7EHW,7EHY,7EIG,7EIK,7EIL,7FH2,7JKW,7JKX,7JKY,7JKZ,7KO0,7LA9,7REK,7RUH,7RUI,7TV0,7USJ,7USK,7ZNT,8BDT,8BDX,8G46,8GPZ,8GQ0	Bromodomain-containing protein 4	BRD4_HUMAN	O60885	O60433 Q4G0X8 Q86YS8 Q96PD3						
363907	Cc1sc-2c(c1C)C(=NC(CC(=O)NCCOCCOCCOCCOCCOCCOCCOCCNC(=O)C[C@@H]1N=C(c3c(C)c(C)sc3-n3c(C)nnc13)c1ccc(Cl)cc1)c1nnc(C)n-21)c1ccc(Cl)cc1	InChI=1S/C54H66Cl2N10O9S2/c1-33-35(3)76-53-47(33)49(39-7-11-41(55)12-8-39)59-43(51-63-61-37(5)65(51)53)31-45(67)57-15-17-69-19-21-71-23-25-73-27-29-75-30-28-74-26-24-72-22-20-70-18-16-58-46(68)32-44-52-64-62-38(6)66(52)54-48(34(2)36(4)77-54)50(60-44)40-9-13-42(56)14-10-40/h7-14,43-44H,15-32H2,1-6H3,(H,57,67)(H,58,68)/t43-,44?/m0/s1	JNSLBXJNVHYNNW-XASUVLGYSA-N	205453	MTI (35)	Isoform C of Bromodomain-containing protein 4 (Short)		 0.062								Curated from the literature by BindingDB	10.1038/nchembio.2209	10.7270/Q2VQ31HW	27775715	aid1802215		Tanaka, M; Roberts, JM; Seo, HS; Souza, A; Paulk, J; Scott, TG; DeAngelo, SL; Dhe-Paganon, S; Bradner, JE	Dana-Farber Cancer Institute Inc	http://www.bindingdb.org/bind/chemsearch/marvin/MolStructure.jsp?monomerid=205453	http://www.bindingdb.org/jsp/dbsearch/PrimarySearch_ki.jsp?energyterm=kJ/mole&tag=pol&polymerid=8573&target=Isoform+C+of+Bromodomain-containing+protein+4+%28Short%29&column=ki&startPg=0&Increment=50&submit=Search	http://www.bindingdb.org/jsp/dbsearch/PrimarySearch_ki.jsp?energyterm=kJ/mole&tag=r21&monomerid=205453&enzyme=Isoform+C+of+Bromodomain-containing+protein+4+%28Short%29&column=ki&startPg=0&Increment=50&submit=Search			123131637	321901042							1	MSAESGPGTRLRNLPVMGDGLETSQMSTTQAQAQPQPANAASTNPPPPETSNPNKPKRQTNQLQYLLRVVLKTLWKHQFAWPFQQPVDAVKLNLPDYYKIIKTPMDMGTIKKRLENNYYWNAQECIQDFNTMFTNCYIYNKPGDDIVLMAEALEKLFLQKINELPTEETEIMIVQAKGRGRGRKETGTAKPGVSTVPNTTQASTPPQTQTPQPNPPPVQATPHPFPAVTPDLIVQTPVMTVVPPQPLQTPPPVPPQPQPPPAPAPQPVQSHPPIIAATPQPVKTKKGVKRKADTTTPTTIDPIHEPPSLPPEPKTTKLGQRRESSRPVKPPKKDVPDSQQHPAPEKSSKVSEQLKCCSGILKEMFAKKHAAYAWPFYKPVDVEALGLHDYCDIIKHPMDMSTIKSKLEAREYRDAQEFGADVRLMFSNCYKYNPPDHEVVAMARKLQDVFEMRFAKMPDEPEEPVVAVSSPAVPPPTKVVAPPSSSDSSSDSSSDSDSSTDDSEEERAQRLAELQEQLKAVHEQLAALSQPQQNKPKKKEKDKKEKKKEKHKRKEEVEENKKSKAKEPPPKKTKKNNSSNSNVSKKEPAPMKSKPPPTYESEEEDKCKPMSYEEKRQLSLDINKLPGEKLGRVVHIIQSREPSLKNSNPDEIEIDFETLKPSTLRELERYVTSCLRKKRKPQAEKVDVIAGSSKMKGFSSSESESSSESSSSDSEDSETGPA	2I8N,2JNS,2LSP,2MJV,2N3K,2NCZ,2ND0,2ND1,2OUO,2YEM,4DON,4HXK,4HXL,4HXM,4HXN,4HXO,4HXP,4HXR,4HXS,4KV4,4LYS,4Z93,5D24,5D25,5D3H,5D3J,5D3N,5D3S,5H21,5HQ7,5I80,5I88,5JWM,5KU3,5T35,5U28,5U2C,5UEO,5UEP,5UEQ,5UER,5UES,5UET,5UEU,5UEV,5UEX,5UEY,5UEZ,5UF0,5UOO,5UVS,5UVT,5UVU,5UVV,5UVW,5UVX,5UVY,5UVZ,5VZS,5W55,5WA5,5WUU,5XHY,5XI2,5XI3,5XI4,5Y1Y,5Z5T,5Z5U,5Z5V,5Z9C,6AJV,6AJW,6AJX,6AJY,6AJZ,6BNH,6C7Q,6CD4,6CJ2,6CKR,6CKS,6DJC,6DNE,6DUV,6FFD,6IN1,6JI3,6JI4,6JI5,6JJ3,6JJ5,6JJ6,6JJB,6KO2,6LG4,6LG5,6LG6,6LG7,6LG8,6LG9,6LIH,6LIM,6MNL,6P05,6SIS,6VIW,6VIX,6VIZ,6WW8,6X7D,7AQT,7C2Z,7C6P,7EHW,7EHY,7EIG,7EIK,7EIL,7FH2,7JKW,7JKX,7JKY,7JKZ,7KO0,7LA9,7REK,7RUH,7RUI,7TV0,7USJ,7USK,7ZNT,8BDT,8BDX,8G46,8GPZ,8GQ0	Bromodomain-containing protein 4	BRD4_HUMAN	O60885	O60433 Q4G0X8 Q86YS8 Q96PD3						
363982	COc1cc2c3n([C@H](C)c4ccccn4)c(=O)[nH]c3cnc2cc1-c1c(C)noc1C	InChI=1S/C23H21N5O3/c1-12-21(14(3)31-27-12)16-9-18-15(10-20(16)30-4)22-19(11-25-18)26-23(29)28(22)13(2)17-7-5-6-8-24-17/h5-11,13H,1-4H3,(H,26,29)/t13-/m1/s1	VUVUVNZRUGEAHB-CYBMUJFWSA-N	50380682	CHEMBL2017291::I-BET151 (16)	Isoform C of Bromodomain-containing protein 4 (Short)			 29.4					7.5	25.00 C	Curated from the literature by BindingDB	10.1038/nchembio.2209	10.7270/Q2VQ31HW	27775715	aid1802212		Tanaka, M; Roberts, JM; Seo, HS; Souza, A; Paulk, J; Scott, TG; DeAngelo, SL; Dhe-Paganon, S; Bradner, JE	Dana-Farber Cancer Institute Inc	http://www.bindingdb.org/bind/chemsearch/marvin/MolStructure.jsp?monomerid=50380682	http://www.bindingdb.org/jsp/dbsearch/PrimarySearch_ki.jsp?energyterm=kJ/mole&tag=pol&polymerid=8573&target=Isoform+C+of+Bromodomain-containing+protein+4+%28Short%29&column=ki&startPg=0&Increment=50&submit=Search	http://www.bindingdb.org/jsp/dbsearch/PrimarySearch_ki.jsp?energyterm=kJ/mole&tag=r21&monomerid=50380682&enzyme=Isoform+C+of+Bromodomain-containing+protein+4+%28Short%29&column=ki&startPg=0&Increment=50&submit=Search	1GH	3ZYU,4PKL,4ALG	52912189	160859765		CHEMBL2017291				ZINC73069302	1	MSAESGPGTRLRNLPVMGDGLETSQMSTTQAQAQPQPANAASTNPPPPETSNPNKPKRQTNQLQYLLRVVLKTLWKHQFAWPFQQPVDAVKLNLPDYYKIIKTPMDMGTIKKRLENNYYWNAQECIQDFNTMFTNCYIYNKPGDDIVLMAEALEKLFLQKINELPTEETEIMIVQAKGRGRGRKETGTAKPGVSTVPNTTQASTPPQTQTPQPNPPPVQATPHPFPAVTPDLIVQTPVMTVVPPQPLQTPPPVPPQPQPPPAPAPQPVQSHPPIIAATPQPVKTKKGVKRKADTTTPTTIDPIHEPPSLPPEPKTTKLGQRRESSRPVKPPKKDVPDSQQHPAPEKSSKVSEQLKCCSGILKEMFAKKHAAYAWPFYKPVDVEALGLHDYCDIIKHPMDMSTIKSKLEAREYRDAQEFGADVRLMFSNCYKYNPPDHEVVAMARKLQDVFEMRFAKMPDEPEEPVVAVSSPAVPPPTKVVAPPSSSDSSSDSSSDSDSSTDDSEEERAQRLAELQEQLKAVHEQLAALSQPQQNKPKKKEKDKKEKKKEKHKRKEEVEENKKSKAKEPPPKKTKKNNSSNSNVSKKEPAPMKSKPPPTYESEEEDKCKPMSYEEKRQLSLDINKLPGEKLGRVVHIIQSREPSLKNSNPDEIEIDFETLKPSTLRELERYVTSCLRKKRKPQAEKVDVIAGSSKMKGFSSSESESSSESSSSDSEDSETGPA	2I8N,2JNS,2LSP,2MJV,2N3K,2NCZ,2ND0,2ND1,2OUO,2YEM,4DON,4HXK,4HXL,4HXM,4HXN,4HXO,4HXP,4HXR,4HXS,4KV4,4LYS,4Z93,5D24,5D25,5D3H,5D3J,5D3N,5D3S,5H21,5HQ7,5I80,5I88,5JWM,5KU3,5T35,5U28,5U2C,5UEO,5UEP,5UEQ,5UER,5UES,5UET,5UEU,5UEV,5UEX,5UEY,5UEZ,5UF0,5UOO,5UVS,5UVT,5UVU,5UVV,5UVW,5UVX,5UVY,5UVZ,5VZS,5W55,5WA5,5WUU,5XHY,5XI2,5XI3,5XI4,5Y1Y,5Z5T,5Z5U,5Z5V,5Z9C,6AJV,6AJW,6AJX,6AJY,6AJZ,6BNH,6C7Q,6CD4,6CJ2,6CKR,6CKS,6DJC,6DNE,6DUV,6FFD,6IN1,6JI3,6JI4,6JI5,6JJ3,6JJ5,6JJ6,6JJB,6KO2,6LG4,6LG5,6LG6,6LG7,6LG8,6LG9,6LIH,6LIM,6MNL,6P05,6SIS,6VIW,6VIX,6VIZ,6WW8,6X7D,7AQT,7C2Z,7C6P,7EHW,7EHY,7EIG,7EIK,7EIL,7FH2,7JKW,7JKX,7JKY,7JKZ,7KO0,7LA9,7REK,7RUH,7RUI,7TV0,7USJ,7USK,7ZNT,8BDT,8BDX,8G46,8GPZ,8GQ0	Bromodomain-containing protein 4	BRD4_HUMAN	O60885	O60433 Q4G0X8 Q86YS8 Q96PD3						
363981	Cc1nnc2[C@@H](CC(=O)OC(C)(C)C)N=C(c3c(C)c(C)sc3-n12)c1ccc(Cl)cc1	InChI=1S/C23H25ClN4O2S/c1-12-13(2)31-22-19(12)20(15-7-9-16(24)10-8-15)25-17(11-18(29)30-23(4,5)6)21-27-26-14(3)28(21)22/h7-10,17H,11H2,1-6H3/t17-/m1/s1	DNVXATUJJDPFDM-QGZVFWFLSA-N	205429	 (R)-JQ1 (3)::US10407441, Compound (R)-JQ1::US10925881, Name (R)-JQ1::US11028051, Cmpd (+)-JQ1::US11117865, Compound JQ1::US11306105, Compound JQ1::US11406645, Compound JQ1::US11542273, Example (+)-JQ1::US9320741, (R)-JQ1	Isoform C of Bromodomain-containing protein 4 (Short)			 7760					7.5	25.00 C	Curated from the literature by BindingDB	10.1038/nchembio.2209	10.7270/Q2VQ31HW	27775715	aid1802212		Tanaka, M; Roberts, JM; Seo, HS; Souza, A; Paulk, J; Scott, TG; DeAngelo, SL; Dhe-Paganon, S; Bradner, JE	Dana-Farber Cancer Institute Inc	http://www.bindingdb.org/bind/chemsearch/marvin/MolStructure.jsp?monomerid=205429	http://www.bindingdb.org/jsp/dbsearch/PrimarySearch_ki.jsp?energyterm=kJ/mole&tag=pol&polymerid=8573&target=Isoform+C+of+Bromodomain-containing+protein+4+%28Short%29&column=ki&startPg=0&Increment=50&submit=Search	http://www.bindingdb.org/jsp/dbsearch/PrimarySearch_ki.jsp?energyterm=kJ/mole&tag=r21&monomerid=205429&enzyme=Isoform+C+of+Bromodomain-containing+protein+4+%28Short%29&column=ki&startPg=0&Increment=50&submit=Search			49871818	321901018							1	MSAESGPGTRLRNLPVMGDGLETSQMSTTQAQAQPQPANAASTNPPPPETSNPNKPKRQTNQLQYLLRVVLKTLWKHQFAWPFQQPVDAVKLNLPDYYKIIKTPMDMGTIKKRLENNYYWNAQECIQDFNTMFTNCYIYNKPGDDIVLMAEALEKLFLQKINELPTEETEIMIVQAKGRGRGRKETGTAKPGVSTVPNTTQASTPPQTQTPQPNPPPVQATPHPFPAVTPDLIVQTPVMTVVPPQPLQTPPPVPPQPQPPPAPAPQPVQSHPPIIAATPQPVKTKKGVKRKADTTTPTTIDPIHEPPSLPPEPKTTKLGQRRESSRPVKPPKKDVPDSQQHPAPEKSSKVSEQLKCCSGILKEMFAKKHAAYAWPFYKPVDVEALGLHDYCDIIKHPMDMSTIKSKLEAREYRDAQEFGADVRLMFSNCYKYNPPDHEVVAMARKLQDVFEMRFAKMPDEPEEPVVAVSSPAVPPPTKVVAPPSSSDSSSDSSSDSDSSTDDSEEERAQRLAELQEQLKAVHEQLAALSQPQQNKPKKKEKDKKEKKKEKHKRKEEVEENKKSKAKEPPPKKTKKNNSSNSNVSKKEPAPMKSKPPPTYESEEEDKCKPMSYEEKRQLSLDINKLPGEKLGRVVHIIQSREPSLKNSNPDEIEIDFETLKPSTLRELERYVTSCLRKKRKPQAEKVDVIAGSSKMKGFSSSESESSSESSSSDSEDSETGPA	2I8N,2JNS,2LSP,2MJV,2N3K,2NCZ,2ND0,2ND1,2OUO,2YEM,4DON,4HXK,4HXL,4HXM,4HXN,4HXO,4HXP,4HXR,4HXS,4KV4,4LYS,4Z93,5D24,5D25,5D3H,5D3J,5D3N,5D3S,5H21,5HQ7,5I80,5I88,5JWM,5KU3,5T35,5U28,5U2C,5UEO,5UEP,5UEQ,5UER,5UES,5UET,5UEU,5UEV,5UEX,5UEY,5UEZ,5UF0,5UOO,5UVS,5UVT,5UVU,5UVV,5UVW,5UVX,5UVY,5UVZ,5VZS,5W55,5WA5,5WUU,5XHY,5XI2,5XI3,5XI4,5Y1Y,5Z5T,5Z5U,5Z5V,5Z9C,6AJV,6AJW,6AJX,6AJY,6AJZ,6BNH,6C7Q,6CD4,6CJ2,6CKR,6CKS,6DJC,6DNE,6DUV,6FFD,6IN1,6JI3,6JI4,6JI5,6JJ3,6JJ5,6JJ6,6JJB,6KO2,6LG4,6LG5,6LG6,6LG7,6LG8,6LG9,6LIH,6LIM,6MNL,6P05,6SIS,6VIW,6VIX,6VIZ,6WW8,6X7D,7AQT,7C2Z,7C6P,7EHW,7EHY,7EIG,7EIK,7EIL,7FH2,7JKW,7JKX,7JKY,7JKZ,7KO0,7LA9,7REK,7RUH,7RUI,7TV0,7USJ,7USK,7ZNT,8BDT,8BDX,8G46,8GPZ,8GQ0	Bromodomain-containing protein 4	BRD4_HUMAN	O60885	O60433 Q4G0X8 Q86YS8 Q96PD3						
571463	CC(O)COC(=O)C[C@@H]1N=C(c2c(C)c(C)sc2-n2c(C)nnc12)c1ccc(Cl)cc1	InChI=1S/C22H23ClN4O3S/c1-11(28)10-30-18(29)9-17-21-26-25-14(4)27(21)22-19(12(2)13(3)31-22)20(24-17)15-5-7-16(23)8-6-15/h5-8,11,17,28H,9-10H2,1-4H3/t11?,17-/m0/s1	HYZSGNVUPIWIJF-KLLZUTDZSA-N	298347	US10124009, Compound 2	Isoform C of Bromodomain-containing protein 4 (Short)				 1900						US Patent		10.7270/Q26975MC			US10124009	Landau, SB; Kagey, M	Tensha Therapeutics, Inc.	http://www.bindingdb.org/bind/chemsearch/marvin/MolStructure.jsp?monomerid=298347	http://www.bindingdb.org/jsp/dbsearch/PrimarySearch_ki.jsp?energyterm=kJ/mole&tag=pol&polymerid=8573&target=Isoform+C+of+Bromodomain-containing+protein+4+%28Short%29&column=ki&startPg=0&Increment=50&submit=Search	http://www.bindingdb.org/jsp/dbsearch/PrimarySearch_ki.jsp?energyterm=kJ/mole&tag=r21&monomerid=298347&enzyme=Isoform+C+of+Bromodomain-containing+protein+4+%28Short%29&column=ki&startPg=0&Increment=50&submit=Search			132154359	381621169							1	MSAESGPGTRLRNLPVMGDGLETSQMSTTQAQAQPQPANAASTNPPPPETSNPNKPKRQTNQLQYLLRVVLKTLWKHQFAWPFQQPVDAVKLNLPDYYKIIKTPMDMGTIKKRLENNYYWNAQECIQDFNTMFTNCYIYNKPGDDIVLMAEALEKLFLQKINELPTEETEIMIVQAKGRGRGRKETGTAKPGVSTVPNTTQASTPPQTQTPQPNPPPVQATPHPFPAVTPDLIVQTPVMTVVPPQPLQTPPPVPPQPQPPPAPAPQPVQSHPPIIAATPQPVKTKKGVKRKADTTTPTTIDPIHEPPSLPPEPKTTKLGQRRESSRPVKPPKKDVPDSQQHPAPEKSSKVSEQLKCCSGILKEMFAKKHAAYAWPFYKPVDVEALGLHDYCDIIKHPMDMSTIKSKLEAREYRDAQEFGADVRLMFSNCYKYNPPDHEVVAMARKLQDVFEMRFAKMPDEPEEPVVAVSSPAVPPPTKVVAPPSSSDSSSDSSSDSDSSTDDSEEERAQRLAELQEQLKAVHEQLAALSQPQQNKPKKKEKDKKEKKKEKHKRKEEVEENKKSKAKEPPPKKTKKNNSSNSNVSKKEPAPMKSKPPPTYESEEEDKCKPMSYEEKRQLSLDINKLPGEKLGRVVHIIQSREPSLKNSNPDEIEIDFETLKPSTLRELERYVTSCLRKKRKPQAEKVDVIAGSSKMKGFSSSESESSSESSSSDSEDSETGPA	2I8N,2JNS,2LSP,2MJV,2N3K,2NCZ,2ND0,2ND1,2OUO,2YEM,4DON,4HXK,4HXL,4HXM,4HXN,4HXO,4HXP,4HXR,4HXS,4KV4,4LYS,4Z93,5D24,5D25,5D3H,5D3J,5D3N,5D3S,5H21,5HQ7,5I80,5I88,5JWM,5KU3,5T35,5U28,5U2C,5UEO,5UEP,5UEQ,5UER,5UES,5UET,5UEU,5UEV,5UEX,5UEY,5UEZ,5UF0,5UOO,5UVS,5UVT,5UVU,5UVV,5UVW,5UVX,5UVY,5UVZ,5VZS,5W55,5WA5,5WUU,5XHY,5XI2,5XI3,5XI4,5Y1Y,5Z5T,5Z5U,5Z5V,5Z9C,6AJV,6AJW,6AJX,6AJY,6AJZ,6BNH,6C7Q,6CD4,6CJ2,6CKR,6CKS,6DJC,6DNE,6DUV,6FFD,6IN1,6JI3,6JI4,6JI5,6JJ3,6JJ5,6JJ6,6JJB,6KO2,6LG4,6LG5,6LG6,6LG7,6LG8,6LG9,6LIH,6LIM,6MNL,6P05,6SIS,6VIW,6VIX,6VIZ,6WW8,6X7D,7AQT,7C2Z,7C6P,7EHW,7EHY,7EIG,7EIK,7EIL,7FH2,7JKW,7JKX,7JKY,7JKZ,7KO0,7LA9,7REK,7RUH,7RUI,7TV0,7USJ,7USK,7ZNT,8BDT,8BDX,8G46,8GPZ,8GQ0	Bromodomain-containing protein 4	BRD4_HUMAN	O60885	O60433 Q4G0X8 Q86YS8 Q96PD3						
571465	Cc1sc-2c(c1C)C(=N[C@@H](CC(=O)OCCO)c1nnc(C)n-21)c1ccc(Cl)cc1	InChI=1S/C21H21ClN4O3S/c1-11-12(2)30-21-18(11)19(14-4-6-15(22)7-5-14)23-16(10-17(28)29-9-8-27)20-25-24-13(3)26(20)21/h4-7,16,27H,8-10H2,1-3H3/t16-/m0/s1	IQOKMHVPLVGCTG-INIZCTEOSA-N	298348	US10124009, Compound 3	Isoform C of Bromodomain-containing protein 4 (Short)				 1200						US Patent		10.7270/Q26975MC			US10124009	Landau, SB; Kagey, M	Tensha Therapeutics, Inc.	http://www.bindingdb.org/bind/chemsearch/marvin/MolStructure.jsp?monomerid=298348	http://www.bindingdb.org/jsp/dbsearch/PrimarySearch_ki.jsp?energyterm=kJ/mole&tag=pol&polymerid=8573&target=Isoform+C+of+Bromodomain-containing+protein+4+%28Short%29&column=ki&startPg=0&Increment=50&submit=Search	http://www.bindingdb.org/jsp/dbsearch/PrimarySearch_ki.jsp?energyterm=kJ/mole&tag=r21&monomerid=298348&enzyme=Isoform+C+of+Bromodomain-containing+protein+4+%28Short%29&column=ki&startPg=0&Increment=50&submit=Search			132154365	381621170							1	MSAESGPGTRLRNLPVMGDGLETSQMSTTQAQAQPQPANAASTNPPPPETSNPNKPKRQTNQLQYLLRVVLKTLWKHQFAWPFQQPVDAVKLNLPDYYKIIKTPMDMGTIKKRLENNYYWNAQECIQDFNTMFTNCYIYNKPGDDIVLMAEALEKLFLQKINELPTEETEIMIVQAKGRGRGRKETGTAKPGVSTVPNTTQASTPPQTQTPQPNPPPVQATPHPFPAVTPDLIVQTPVMTVVPPQPLQTPPPVPPQPQPPPAPAPQPVQSHPPIIAATPQPVKTKKGVKRKADTTTPTTIDPIHEPPSLPPEPKTTKLGQRRESSRPVKPPKKDVPDSQQHPAPEKSSKVSEQLKCCSGILKEMFAKKHAAYAWPFYKPVDVEALGLHDYCDIIKHPMDMSTIKSKLEAREYRDAQEFGADVRLMFSNCYKYNPPDHEVVAMARKLQDVFEMRFAKMPDEPEEPVVAVSSPAVPPPTKVVAPPSSSDSSSDSSSDSDSSTDDSEEERAQRLAELQEQLKAVHEQLAALSQPQQNKPKKKEKDKKEKKKEKHKRKEEVEENKKSKAKEPPPKKTKKNNSSNSNVSKKEPAPMKSKPPPTYESEEEDKCKPMSYEEKRQLSLDINKLPGEKLGRVVHIIQSREPSLKNSNPDEIEIDFETLKPSTLRELERYVTSCLRKKRKPQAEKVDVIAGSSKMKGFSSSESESSSESSSSDSEDSETGPA	2I8N,2JNS,2LSP,2MJV,2N3K,2NCZ,2ND0,2ND1,2OUO,2YEM,4DON,4HXK,4HXL,4HXM,4HXN,4HXO,4HXP,4HXR,4HXS,4KV4,4LYS,4Z93,5D24,5D25,5D3H,5D3J,5D3N,5D3S,5H21,5HQ7,5I80,5I88,5JWM,5KU3,5T35,5U28,5U2C,5UEO,5UEP,5UEQ,5UER,5UES,5UET,5UEU,5UEV,5UEX,5UEY,5UEZ,5UF0,5UOO,5UVS,5UVT,5UVU,5UVV,5UVW,5UVX,5UVY,5UVZ,5VZS,5W55,5WA5,5WUU,5XHY,5XI2,5XI3,5XI4,5Y1Y,5Z5T,5Z5U,5Z5V,5Z9C,6AJV,6AJW,6AJX,6AJY,6AJZ,6BNH,6C7Q,6CD4,6CJ2,6CKR,6CKS,6DJC,6DNE,6DUV,6FFD,6IN1,6JI3,6JI4,6JI5,6JJ3,6JJ5,6JJ6,6JJB,6KO2,6LG4,6LG5,6LG6,6LG7,6LG8,6LG9,6LIH,6LIM,6MNL,6P05,6SIS,6VIW,6VIX,6VIZ,6WW8,6X7D,7AQT,7C2Z,7C6P,7EHW,7EHY,7EIG,7EIK,7EIL,7FH2,7JKW,7JKX,7JKY,7JKZ,7KO0,7LA9,7REK,7RUH,7RUI,7TV0,7USJ,7USK,7ZNT,8BDT,8BDX,8G46,8GPZ,8GQ0	Bromodomain-containing protein 4	BRD4_HUMAN	O60885	O60433 Q4G0X8 Q86YS8 Q96PD3						
571467	Cc1sc-2c(c1C)C(=N[C@@H](CC(=O)OCCCO)c1nnc(C)n-21)c1ccc(Cl)cc1	InChI=1S/C22H23ClN4O3S/c1-12-13(2)31-22-19(12)20(15-5-7-16(23)8-6-15)24-17(11-18(29)30-10-4-9-28)21-26-25-14(3)27(21)22/h5-8,17,28H,4,9-11H2,1-3H3/t17-/m0/s1	SSOICPCYGKNSNG-KRWDZBQOSA-N	298349	US10124009, Compound 4	Isoform C of Bromodomain-containing protein 4 (Short)				 1300						US Patent		10.7270/Q26975MC			US10124009	Landau, SB; Kagey, M	Tensha Therapeutics, Inc.	http://www.bindingdb.org/bind/chemsearch/marvin/MolStructure.jsp?monomerid=298349	http://www.bindingdb.org/jsp/dbsearch/PrimarySearch_ki.jsp?energyterm=kJ/mole&tag=pol&polymerid=8573&target=Isoform+C+of+Bromodomain-containing+protein+4+%28Short%29&column=ki&startPg=0&Increment=50&submit=Search	http://www.bindingdb.org/jsp/dbsearch/PrimarySearch_ki.jsp?energyterm=kJ/mole&tag=r21&monomerid=298349&enzyme=Isoform+C+of+Bromodomain-containing+protein+4+%28Short%29&column=ki&startPg=0&Increment=50&submit=Search			132154361	381621171							1	MSAESGPGTRLRNLPVMGDGLETSQMSTTQAQAQPQPANAASTNPPPPETSNPNKPKRQTNQLQYLLRVVLKTLWKHQFAWPFQQPVDAVKLNLPDYYKIIKTPMDMGTIKKRLENNYYWNAQECIQDFNTMFTNCYIYNKPGDDIVLMAEALEKLFLQKINELPTEETEIMIVQAKGRGRGRKETGTAKPGVSTVPNTTQASTPPQTQTPQPNPPPVQATPHPFPAVTPDLIVQTPVMTVVPPQPLQTPPPVPPQPQPPPAPAPQPVQSHPPIIAATPQPVKTKKGVKRKADTTTPTTIDPIHEPPSLPPEPKTTKLGQRRESSRPVKPPKKDVPDSQQHPAPEKSSKVSEQLKCCSGILKEMFAKKHAAYAWPFYKPVDVEALGLHDYCDIIKHPMDMSTIKSKLEAREYRDAQEFGADVRLMFSNCYKYNPPDHEVVAMARKLQDVFEMRFAKMPDEPEEPVVAVSSPAVPPPTKVVAPPSSSDSSSDSSSDSDSSTDDSEEERAQRLAELQEQLKAVHEQLAALSQPQQNKPKKKEKDKKEKKKEKHKRKEEVEENKKSKAKEPPPKKTKKNNSSNSNVSKKEPAPMKSKPPPTYESEEEDKCKPMSYEEKRQLSLDINKLPGEKLGRVVHIIQSREPSLKNSNPDEIEIDFETLKPSTLRELERYVTSCLRKKRKPQAEKVDVIAGSSKMKGFSSSESESSSESSSSDSEDSETGPA	2I8N,2JNS,2LSP,2MJV,2N3K,2NCZ,2ND0,2ND1,2OUO,2YEM,4DON,4HXK,4HXL,4HXM,4HXN,4HXO,4HXP,4HXR,4HXS,4KV4,4LYS,4Z93,5D24,5D25,5D3H,5D3J,5D3N,5D3S,5H21,5HQ7,5I80,5I88,5JWM,5KU3,5T35,5U28,5U2C,5UEO,5UEP,5UEQ,5UER,5UES,5UET,5UEU,5UEV,5UEX,5UEY,5UEZ,5UF0,5UOO,5UVS,5UVT,5UVU,5UVV,5UVW,5UVX,5UVY,5UVZ,5VZS,5W55,5WA5,5WUU,5XHY,5XI2,5XI3,5XI4,5Y1Y,5Z5T,5Z5U,5Z5V,5Z9C,6AJV,6AJW,6AJX,6AJY,6AJZ,6BNH,6C7Q,6CD4,6CJ2,6CKR,6CKS,6DJC,6DNE,6DUV,6FFD,6IN1,6JI3,6JI4,6JI5,6JJ3,6JJ5,6JJ6,6JJB,6KO2,6LG4,6LG5,6LG6,6LG7,6LG8,6LG9,6LIH,6LIM,6MNL,6P05,6SIS,6VIW,6VIX,6VIZ,6WW8,6X7D,7AQT,7C2Z,7C6P,7EHW,7EHY,7EIG,7EIK,7EIL,7FH2,7JKW,7JKX,7JKY,7JKZ,7KO0,7LA9,7REK,7RUH,7RUI,7TV0,7USJ,7USK,7ZNT,8BDT,8BDX,8G46,8GPZ,8GQ0	Bromodomain-containing protein 4	BRD4_HUMAN	O60885	O60433 Q4G0X8 Q86YS8 Q96PD3						
571469	Cc1sc-2c(c1C)C(=N[C@@H](CC(=O)OCCCCCCO)c1nnc(C)n-21)c1ccc(Cl)cc1	InChI=1S/C25H29ClN4O3S/c1-15-16(2)34-25-22(15)23(18-8-10-19(26)11-9-18)27-20(24-29-28-17(3)30(24)25)14-21(32)33-13-7-5-4-6-12-31/h8-11,20,31H,4-7,12-14H2,1-3H3/t20-/m0/s1	UNDUDUVCURNARG-FQEVSTJZSA-N	298350	US10124009, Compound 5	Isoform C of Bromodomain-containing protein 4 (Short)				 400						US Patent		10.7270/Q26975MC			US10124009	Landau, SB; Kagey, M	Tensha Therapeutics, Inc.	http://www.bindingdb.org/bind/chemsearch/marvin/MolStructure.jsp?monomerid=298350	http://www.bindingdb.org/jsp/dbsearch/PrimarySearch_ki.jsp?energyterm=kJ/mole&tag=pol&polymerid=8573&target=Isoform+C+of+Bromodomain-containing+protein+4+%28Short%29&column=ki&startPg=0&Increment=50&submit=Search	http://www.bindingdb.org/jsp/dbsearch/PrimarySearch_ki.jsp?energyterm=kJ/mole&tag=r21&monomerid=298350&enzyme=Isoform+C+of+Bromodomain-containing+protein+4+%28Short%29&column=ki&startPg=0&Increment=50&submit=Search			132154358	381621172							1	MSAESGPGTRLRNLPVMGDGLETSQMSTTQAQAQPQPANAASTNPPPPETSNPNKPKRQTNQLQYLLRVVLKTLWKHQFAWPFQQPVDAVKLNLPDYYKIIKTPMDMGTIKKRLENNYYWNAQECIQDFNTMFTNCYIYNKPGDDIVLMAEALEKLFLQKINELPTEETEIMIVQAKGRGRGRKETGTAKPGVSTVPNTTQASTPPQTQTPQPNPPPVQATPHPFPAVTPDLIVQTPVMTVVPPQPLQTPPPVPPQPQPPPAPAPQPVQSHPPIIAATPQPVKTKKGVKRKADTTTPTTIDPIHEPPSLPPEPKTTKLGQRRESSRPVKPPKKDVPDSQQHPAPEKSSKVSEQLKCCSGILKEMFAKKHAAYAWPFYKPVDVEALGLHDYCDIIKHPMDMSTIKSKLEAREYRDAQEFGADVRLMFSNCYKYNPPDHEVVAMARKLQDVFEMRFAKMPDEPEEPVVAVSSPAVPPPTKVVAPPSSSDSSSDSSSDSDSSTDDSEEERAQRLAELQEQLKAVHEQLAALSQPQQNKPKKKEKDKKEKKKEKHKRKEEVEENKKSKAKEPPPKKTKKNNSSNSNVSKKEPAPMKSKPPPTYESEEEDKCKPMSYEEKRQLSLDINKLPGEKLGRVVHIIQSREPSLKNSNPDEIEIDFETLKPSTLRELERYVTSCLRKKRKPQAEKVDVIAGSSKMKGFSSSESESSSESSSSDSEDSETGPA	2I8N,2JNS,2LSP,2MJV,2N3K,2NCZ,2ND0,2ND1,2OUO,2YEM,4DON,4HXK,4HXL,4HXM,4HXN,4HXO,4HXP,4HXR,4HXS,4KV4,4LYS,4Z93,5D24,5D25,5D3H,5D3J,5D3N,5D3S,5H21,5HQ7,5I80,5I88,5JWM,5KU3,5T35,5U28,5U2C,5UEO,5UEP,5UEQ,5UER,5UES,5UET,5UEU,5UEV,5UEX,5UEY,5UEZ,5UF0,5UOO,5UVS,5UVT,5UVU,5UVV,5UVW,5UVX,5UVY,5UVZ,5VZS,5W55,5WA5,5WUU,5XHY,5XI2,5XI3,5XI4,5Y1Y,5Z5T,5Z5U,5Z5V,5Z9C,6AJV,6AJW,6AJX,6AJY,6AJZ,6BNH,6C7Q,6CD4,6CJ2,6CKR,6CKS,6DJC,6DNE,6DUV,6FFD,6IN1,6JI3,6JI4,6JI5,6JJ3,6JJ5,6JJ6,6JJB,6KO2,6LG4,6LG5,6LG6,6LG7,6LG8,6LG9,6LIH,6LIM,6MNL,6P05,6SIS,6VIW,6VIX,6VIZ,6WW8,6X7D,7AQT,7C2Z,7C6P,7EHW,7EHY,7EIG,7EIK,7EIL,7FH2,7JKW,7JKX,7JKY,7JKZ,7KO0,7LA9,7REK,7RUH,7RUI,7TV0,7USJ,7USK,7ZNT,8BDT,8BDX,8G46,8GPZ,8GQ0	Bromodomain-containing protein 4	BRD4_HUMAN	O60885	O60433 Q4G0X8 Q86YS8 Q96PD3						
571461	Cc1sc-2c(c1C)C(=N[C@@H](CC(=O)OC1CCC(O)CC1)c1nnc(C)n-21)c1ccc(Cl)cc1	InChI=1S/C25H27ClN4O3S/c1-13-14(2)34-25-22(13)23(16-4-6-17(26)7-5-16)27-20(24-29-28-15(3)30(24)25)12-21(32)33-19-10-8-18(31)9-11-19/h4-7,18-20,31H,8-12H2,1-3H3/t18?,19?,20-/m0/s1	OAIGUCGNRBIEPT-MHJFOBGBSA-N	298346	US10124009, Compound 1	Isoform C of Bromodomain-containing protein 4 (Short)				 1500						US Patent		10.7270/Q26975MC			US10124009	Landau, SB; Kagey, M	Tensha Therapeutics, Inc.	http://www.bindingdb.org/bind/chemsearch/marvin/MolStructure.jsp?monomerid=298346	http://www.bindingdb.org/jsp/dbsearch/PrimarySearch_ki.jsp?energyterm=kJ/mole&tag=pol&polymerid=8573&target=Isoform+C+of+Bromodomain-containing+protein+4+%28Short%29&column=ki&startPg=0&Increment=50&submit=Search	http://www.bindingdb.org/jsp/dbsearch/PrimarySearch_ki.jsp?energyterm=kJ/mole&tag=r21&monomerid=298346&enzyme=Isoform+C+of+Bromodomain-containing+protein+4+%28Short%29&column=ki&startPg=0&Increment=50&submit=Search			132154364	381621168							1	MSAESGPGTRLRNLPVMGDGLETSQMSTTQAQAQPQPANAASTNPPPPETSNPNKPKRQTNQLQYLLRVVLKTLWKHQFAWPFQQPVDAVKLNLPDYYKIIKTPMDMGTIKKRLENNYYWNAQECIQDFNTMFTNCYIYNKPGDDIVLMAEALEKLFLQKINELPTEETEIMIVQAKGRGRGRKETGTAKPGVSTVPNTTQASTPPQTQTPQPNPPPVQATPHPFPAVTPDLIVQTPVMTVVPPQPLQTPPPVPPQPQPPPAPAPQPVQSHPPIIAATPQPVKTKKGVKRKADTTTPTTIDPIHEPPSLPPEPKTTKLGQRRESSRPVKPPKKDVPDSQQHPAPEKSSKVSEQLKCCSGILKEMFAKKHAAYAWPFYKPVDVEALGLHDYCDIIKHPMDMSTIKSKLEAREYRDAQEFGADVRLMFSNCYKYNPPDHEVVAMARKLQDVFEMRFAKMPDEPEEPVVAVSSPAVPPPTKVVAPPSSSDSSSDSSSDSDSSTDDSEEERAQRLAELQEQLKAVHEQLAALSQPQQNKPKKKEKDKKEKKKEKHKRKEEVEENKKSKAKEPPPKKTKKNNSSNSNVSKKEPAPMKSKPPPTYESEEEDKCKPMSYEEKRQLSLDINKLPGEKLGRVVHIIQSREPSLKNSNPDEIEIDFETLKPSTLRELERYVTSCLRKKRKPQAEKVDVIAGSSKMKGFSSSESESSSESSSSDSEDSETGPA	2I8N,2JNS,2LSP,2MJV,2N3K,2NCZ,2ND0,2ND1,2OUO,2YEM,4DON,4HXK,4HXL,4HXM,4HXN,4HXO,4HXP,4HXR,4HXS,4KV4,4LYS,4Z93,5D24,5D25,5D3H,5D3J,5D3N,5D3S,5H21,5HQ7,5I80,5I88,5JWM,5KU3,5T35,5U28,5U2C,5UEO,5UEP,5UEQ,5UER,5UES,5UET,5UEU,5UEV,5UEX,5UEY,5UEZ,5UF0,5UOO,5UVS,5UVT,5UVU,5UVV,5UVW,5UVX,5UVY,5UVZ,5VZS,5W55,5WA5,5WUU,5XHY,5XI2,5XI3,5XI4,5Y1Y,5Z5T,5Z5U,5Z5V,5Z9C,6AJV,6AJW,6AJX,6AJY,6AJZ,6BNH,6C7Q,6CD4,6CJ2,6CKR,6CKS,6DJC,6DNE,6DUV,6FFD,6IN1,6JI3,6JI4,6JI5,6JJ3,6JJ5,6JJ6,6JJB,6KO2,6LG4,6LG5,6LG6,6LG7,6LG8,6LG9,6LIH,6LIM,6MNL,6P05,6SIS,6VIW,6VIX,6VIZ,6WW8,6X7D,7AQT,7C2Z,7C6P,7EHW,7EHY,7EIG,7EIK,7EIL,7FH2,7JKW,7JKX,7JKY,7JKZ,7KO0,7LA9,7REK,7RUH,7RUI,7TV0,7USJ,7USK,7ZNT,8BDT,8BDX,8G46,8GPZ,8GQ0	Bromodomain-containing protein 4	BRD4_HUMAN	O60885	O60433 Q4G0X8 Q86YS8 Q96PD3						
571471	Cc1sc-2c(c1C)C(=N[C@@H](CC(=O)OC\C(Br)=C(/Br)CO)c1nnc(C)n-21)c1ccc(Cl)cc1	InChI=1S/C23H21Br2ClN4O3S/c1-11-12(2)34-23-20(11)21(14-4-6-15(26)7-5-14)27-18(22-29-28-13(3)30(22)23)8-19(32)33-10-17(25)16(24)9-31/h4-7,18,31H,8-10H2,1-3H3/b17-16+/t18-/m0/s1	KRCYZWORMBQUNG-GVJQPLCZSA-N	298351	US10124009, Compound 7	Isoform C of Bromodomain-containing protein 4 (Short)				 2100						US Patent		10.7270/Q26975MC			US10124009	Landau, SB; Kagey, M	Tensha Therapeutics, Inc.	http://www.bindingdb.org/bind/chemsearch/marvin/MolStructure.jsp?monomerid=298351	http://www.bindingdb.org/jsp/dbsearch/PrimarySearch_ki.jsp?energyterm=kJ/mole&tag=pol&polymerid=8573&target=Isoform+C+of+Bromodomain-containing+protein+4+%28Short%29&column=ki&startPg=0&Increment=50&submit=Search	http://www.bindingdb.org/jsp/dbsearch/PrimarySearch_ki.jsp?energyterm=kJ/mole&tag=r21&monomerid=298351&enzyme=Isoform+C+of+Bromodomain-containing+protein+4+%28Short%29&column=ki&startPg=0&Increment=50&submit=Search			132154360	381621173							1	MSAESGPGTRLRNLPVMGDGLETSQMSTTQAQAQPQPANAASTNPPPPETSNPNKPKRQTNQLQYLLRVVLKTLWKHQFAWPFQQPVDAVKLNLPDYYKIIKTPMDMGTIKKRLENNYYWNAQECIQDFNTMFTNCYIYNKPGDDIVLMAEALEKLFLQKINELPTEETEIMIVQAKGRGRGRKETGTAKPGVSTVPNTTQASTPPQTQTPQPNPPPVQATPHPFPAVTPDLIVQTPVMTVVPPQPLQTPPPVPPQPQPPPAPAPQPVQSHPPIIAATPQPVKTKKGVKRKADTTTPTTIDPIHEPPSLPPEPKTTKLGQRRESSRPVKPPKKDVPDSQQHPAPEKSSKVSEQLKCCSGILKEMFAKKHAAYAWPFYKPVDVEALGLHDYCDIIKHPMDMSTIKSKLEAREYRDAQEFGADVRLMFSNCYKYNPPDHEVVAMARKLQDVFEMRFAKMPDEPEEPVVAVSSPAVPPPTKVVAPPSSSDSSSDSSSDSDSSTDDSEEERAQRLAELQEQLKAVHEQLAALSQPQQNKPKKKEKDKKEKKKEKHKRKEEVEENKKSKAKEPPPKKTKKNNSSNSNVSKKEPAPMKSKPPPTYESEEEDKCKPMSYEEKRQLSLDINKLPGEKLGRVVHIIQSREPSLKNSNPDEIEIDFETLKPSTLRELERYVTSCLRKKRKPQAEKVDVIAGSSKMKGFSSSESESSSESSSSDSEDSETGPA	2I8N,2JNS,2LSP,2MJV,2N3K,2NCZ,2ND0,2ND1,2OUO,2YEM,4DON,4HXK,4HXL,4HXM,4HXN,4HXO,4HXP,4HXR,4HXS,4KV4,4LYS,4Z93,5D24,5D25,5D3H,5D3J,5D3N,5D3S,5H21,5HQ7,5I80,5I88,5JWM,5KU3,5T35,5U28,5U2C,5UEO,5UEP,5UEQ,5UER,5UES,5UET,5UEU,5UEV,5UEX,5UEY,5UEZ,5UF0,5UOO,5UVS,5UVT,5UVU,5UVV,5UVW,5UVX,5UVY,5UVZ,5VZS,5W55,5WA5,5WUU,5XHY,5XI2,5XI3,5XI4,5Y1Y,5Z5T,5Z5U,5Z5V,5Z9C,6AJV,6AJW,6AJX,6AJY,6AJZ,6BNH,6C7Q,6CD4,6CJ2,6CKR,6CKS,6DJC,6DNE,6DUV,6FFD,6IN1,6JI3,6JI4,6JI5,6JJ3,6JJ5,6JJ6,6JJB,6KO2,6LG4,6LG5,6LG6,6LG7,6LG8,6LG9,6LIH,6LIM,6MNL,6P05,6SIS,6VIW,6VIX,6VIZ,6WW8,6X7D,7AQT,7C2Z,7C6P,7EHW,7EHY,7EIG,7EIK,7EIL,7FH2,7JKW,7JKX,7JKY,7JKZ,7KO0,7LA9,7REK,7RUH,7RUI,7TV0,7USJ,7USK,7ZNT,8BDT,8BDX,8G46,8GPZ,8GQ0	Bromodomain-containing protein 4	BRD4_HUMAN	O60885	O60433 Q4G0X8 Q86YS8 Q96PD3						
363925	COC(=O)C[C@@H]1N=C(c2c(C)c(sc2-n2c(C)nnc12)C(=O)NCCOCCNC(=O)C[C@@H]1N=C(c2c(C)c(C)sc2-n2c(C)nnc12)c1ccc(Cl)cc1)c1ccc(Cl)cc1	InChI=1S/C43H42Cl2N10O5S2/c1-21-23(3)61-42-34(21)36(26-7-11-28(44)12-8-26)48-30(39-52-50-24(4)54(39)42)19-32(56)46-15-17-60-18-16-47-41(58)38-22(2)35-37(27-9-13-29(45)14-10-27)49-31(20-33(57)59-6)40-53-51-25(5)55(40)43(35)62-38/h7-14,30-31H,15-20H2,1-6H3,(H,46,56)(H,47,58)/t30-,31-/m0/s1	FZWPGKYEENZFAU-CONSDPRKSA-N	205431	(6S+2S)-PEG1 (7)	Isoform C of Bromodomain-containing protein 4 (Short)				 0.013						Curated from the literature by BindingDB	10.1038/nchembio.2209	10.7270/Q2VQ31HW	27775715	aid1802214		Tanaka, M; Roberts, JM; Seo, HS; Souza, A; Paulk, J; Scott, TG; DeAngelo, SL; Dhe-Paganon, S; Bradner, JE	Dana-Farber Cancer Institute Inc	http://www.bindingdb.org/bind/chemsearch/marvin/MolStructure.jsp?monomerid=205431	http://www.bindingdb.org/jsp/dbsearch/PrimarySearch_ki.jsp?energyterm=kJ/mole&tag=pol&polymerid=8573&target=Isoform+C+of+Bromodomain-containing+protein+4+%28Short%29&column=ki&startPg=0&Increment=50&submit=Search	http://www.bindingdb.org/jsp/dbsearch/PrimarySearch_ki.jsp?energyterm=kJ/mole&tag=r21&monomerid=205431&enzyme=Isoform+C+of+Bromodomain-containing+protein+4+%28Short%29&column=ki&startPg=0&Increment=50&submit=Search			122172662	321901020							1	MSAESGPGTRLRNLPVMGDGLETSQMSTTQAQAQPQPANAASTNPPPPETSNPNKPKRQTNQLQYLLRVVLKTLWKHQFAWPFQQPVDAVKLNLPDYYKIIKTPMDMGTIKKRLENNYYWNAQECIQDFNTMFTNCYIYNKPGDDIVLMAEALEKLFLQKINELPTEETEIMIVQAKGRGRGRKETGTAKPGVSTVPNTTQASTPPQTQTPQPNPPPVQATPHPFPAVTPDLIVQTPVMTVVPPQPLQTPPPVPPQPQPPPAPAPQPVQSHPPIIAATPQPVKTKKGVKRKADTTTPTTIDPIHEPPSLPPEPKTTKLGQRRESSRPVKPPKKDVPDSQQHPAPEKSSKVSEQLKCCSGILKEMFAKKHAAYAWPFYKPVDVEALGLHDYCDIIKHPMDMSTIKSKLEAREYRDAQEFGADVRLMFSNCYKYNPPDHEVVAMARKLQDVFEMRFAKMPDEPEEPVVAVSSPAVPPPTKVVAPPSSSDSSSDSSSDSDSSTDDSEEERAQRLAELQEQLKAVHEQLAALSQPQQNKPKKKEKDKKEKKKEKHKRKEEVEENKKSKAKEPPPKKTKKNNSSNSNVSKKEPAPMKSKPPPTYESEEEDKCKPMSYEEKRQLSLDINKLPGEKLGRVVHIIQSREPSLKNSNPDEIEIDFETLKPSTLRELERYVTSCLRKKRKPQAEKVDVIAGSSKMKGFSSSESESSSESSSSDSEDSETGPA	2I8N,2JNS,2LSP,2MJV,2N3K,2NCZ,2ND0,2ND1,2OUO,2YEM,4DON,4HXK,4HXL,4HXM,4HXN,4HXO,4HXP,4HXR,4HXS,4KV4,4LYS,4Z93,5D24,5D25,5D3H,5D3J,5D3N,5D3S,5H21,5HQ7,5I80,5I88,5JWM,5KU3,5T35,5U28,5U2C,5UEO,5UEP,5UEQ,5UER,5UES,5UET,5UEU,5UEV,5UEX,5UEY,5UEZ,5UF0,5UOO,5UVS,5UVT,5UVU,5UVV,5UVW,5UVX,5UVY,5UVZ,5VZS,5W55,5WA5,5WUU,5XHY,5XI2,5XI3,5XI4,5Y1Y,5Z5T,5Z5U,5Z5V,5Z9C,6AJV,6AJW,6AJX,6AJY,6AJZ,6BNH,6C7Q,6CD4,6CJ2,6CKR,6CKS,6DJC,6DNE,6DUV,6FFD,6IN1,6JI3,6JI4,6JI5,6JJ3,6JJ5,6JJ6,6JJB,6KO2,6LG4,6LG5,6LG6,6LG7,6LG8,6LG9,6LIH,6LIM,6MNL,6P05,6SIS,6VIW,6VIX,6VIZ,6WW8,6X7D,7AQT,7C2Z,7C6P,7EHW,7EHY,7EIG,7EIK,7EIL,7FH2,7JKW,7JKX,7JKY,7JKZ,7KO0,7LA9,7REK,7RUH,7RUI,7TV0,7USJ,7USK,7ZNT,8BDT,8BDX,8G46,8GPZ,8GQ0	Bromodomain-containing protein 4	BRD4_HUMAN	O60885	O60433 Q4G0X8 Q86YS8 Q96PD3						
363881	Cc1nnc2[C@@H](CC(=O)OC(C)(C)C)N=C(c3c(C)c(C)sc3-n12)c1ccc(Cl)cc1	InChI=1S/C23H25ClN4O2S/c1-12-13(2)31-22-19(12)20(15-7-9-16(24)10-8-15)25-17(11-18(29)30-23(4,5)6)21-27-26-14(3)28(21)22/h7-10,17H,11H2,1-6H3/t17-/m1/s1	DNVXATUJJDPFDM-QGZVFWFLSA-N	205429	 (R)-JQ1 (3)::US10407441, Compound (R)-JQ1::US10925881, Name (R)-JQ1::US11028051, Cmpd (+)-JQ1::US11117865, Compound JQ1::US11306105, Compound JQ1::US11406645, Compound JQ1::US11542273, Example (+)-JQ1::US9320741, (R)-JQ1	Isoform C of Bromodomain-containing protein 4 (Short)				 11						Curated from the literature by BindingDB	10.1038/nchembio.2209	10.7270/Q2VQ31HW	27775715	aid1802215		Tanaka, M; Roberts, JM; Seo, HS; Souza, A; Paulk, J; Scott, TG; DeAngelo, SL; Dhe-Paganon, S; Bradner, JE	Dana-Farber Cancer Institute Inc	http://www.bindingdb.org/bind/chemsearch/marvin/MolStructure.jsp?monomerid=205429	http://www.bindingdb.org/jsp/dbsearch/PrimarySearch_ki.jsp?energyterm=kJ/mole&tag=pol&polymerid=8573&target=Isoform+C+of+Bromodomain-containing+protein+4+%28Short%29&column=ki&startPg=0&Increment=50&submit=Search	http://www.bindingdb.org/jsp/dbsearch/PrimarySearch_ki.jsp?energyterm=kJ/mole&tag=r21&monomerid=205429&enzyme=Isoform+C+of+Bromodomain-containing+protein+4+%28Short%29&column=ki&startPg=0&Increment=50&submit=Search			49871818	321901018							1	MSAESGPGTRLRNLPVMGDGLETSQMSTTQAQAQPQPANAASTNPPPPETSNPNKPKRQTNQLQYLLRVVLKTLWKHQFAWPFQQPVDAVKLNLPDYYKIIKTPMDMGTIKKRLENNYYWNAQECIQDFNTMFTNCYIYNKPGDDIVLMAEALEKLFLQKINELPTEETEIMIVQAKGRGRGRKETGTAKPGVSTVPNTTQASTPPQTQTPQPNPPPVQATPHPFPAVTPDLIVQTPVMTVVPPQPLQTPPPVPPQPQPPPAPAPQPVQSHPPIIAATPQPVKTKKGVKRKADTTTPTTIDPIHEPPSLPPEPKTTKLGQRRESSRPVKPPKKDVPDSQQHPAPEKSSKVSEQLKCCSGILKEMFAKKHAAYAWPFYKPVDVEALGLHDYCDIIKHPMDMSTIKSKLEAREYRDAQEFGADVRLMFSNCYKYNPPDHEVVAMARKLQDVFEMRFAKMPDEPEEPVVAVSSPAVPPPTKVVAPPSSSDSSSDSSSDSDSSTDDSEEERAQRLAELQEQLKAVHEQLAALSQPQQNKPKKKEKDKKEKKKEKHKRKEEVEENKKSKAKEPPPKKTKKNNSSNSNVSKKEPAPMKSKPPPTYESEEEDKCKPMSYEEKRQLSLDINKLPGEKLGRVVHIIQSREPSLKNSNPDEIEIDFETLKPSTLRELERYVTSCLRKKRKPQAEKVDVIAGSSKMKGFSSSESESSSESSSSDSEDSETGPA	2I8N,2JNS,2LSP,2MJV,2N3K,2NCZ,2ND0,2ND1,2OUO,2YEM,4DON,4HXK,4HXL,4HXM,4HXN,4HXO,4HXP,4HXR,4HXS,4KV4,4LYS,4Z93,5D24,5D25,5D3H,5D3J,5D3N,5D3S,5H21,5HQ7,5I80,5I88,5JWM,5KU3,5T35,5U28,5U2C,5UEO,5UEP,5UEQ,5UER,5UES,5UET,5UEU,5UEV,5UEX,5UEY,5UEZ,5UF0,5UOO,5UVS,5UVT,5UVU,5UVV,5UVW,5UVX,5UVY,5UVZ,5VZS,5W55,5WA5,5WUU,5XHY,5XI2,5XI3,5XI4,5Y1Y,5Z5T,5Z5U,5Z5V,5Z9C,6AJV,6AJW,6AJX,6AJY,6AJZ,6BNH,6C7Q,6CD4,6CJ2,6CKR,6CKS,6DJC,6DNE,6DUV,6FFD,6IN1,6JI3,6JI4,6JI5,6JJ3,6JJ5,6JJ6,6JJB,6KO2,6LG4,6LG5,6LG6,6LG7,6LG8,6LG9,6LIH,6LIM,6MNL,6P05,6SIS,6VIW,6VIX,6VIZ,6WW8,6X7D,7AQT,7C2Z,7C6P,7EHW,7EHY,7EIG,7EIK,7EIL,7FH2,7JKW,7JKX,7JKY,7JKZ,7KO0,7LA9,7REK,7RUH,7RUI,7TV0,7USJ,7USK,7ZNT,8BDT,8BDX,8G46,8GPZ,8GQ0	Bromodomain-containing protein 4	BRD4_HUMAN	O60885	O60433 Q4G0X8 Q86YS8 Q96PD3						
571459	Cc1nnc2[C@H](CC(=O)OC(C)(C)C)N=C(c3c(C)c(C)sc3-n12)c1ccc(Cl)cc1	InChI=1S/C23H25ClN4O2S/c1-12-13(2)31-22-19(12)20(15-7-9-16(24)10-8-15)25-17(11-18(29)30-23(4,5)6)21-27-26-14(3)28(21)22/h7-10,17H,11H2,1-6H3/t17-/m0/s1	DNVXATUJJDPFDM-KRWDZBQOSA-N	50365262	(+)-JQ1::(S)-JQ1 (1)::CHEMBL1957266::JQ1::US10124009, Compound (S)-JQ1::US10202360, Example JQ-1::US10308662, Compound JQ-1::US10407441, Compound (S)-JQ1::US10617680, Example JQ-1::US10881668, Compound JQ1::US10925881, Name (S)-JQ1::US11020380, Example JQ-1::US11078188, Example (+)-JQ1::US11279703, TABLE 6.180::US11427593, Compound JQ1::US11466034, Example (+)-JQ1::US9320741, (S)-JQ1::US9695172, JQ1	Isoform C of Bromodomain-containing protein 4 (Short)				 3800						US Patent		10.7270/Q26975MC			US10124009	Landau, SB; Kagey, M	Tensha Therapeutics, Inc.	http://www.bindingdb.org/bind/chemsearch/marvin/MolStructure.jsp?monomerid=50365262	http://www.bindingdb.org/jsp/dbsearch/PrimarySearch_ki.jsp?energyterm=kJ/mole&tag=pol&polymerid=8573&target=Isoform+C+of+Bromodomain-containing+protein+4+%28Short%29&column=ki&startPg=0&Increment=50&submit=Search	http://www.bindingdb.org/jsp/dbsearch/PrimarySearch_ki.jsp?energyterm=kJ/mole&tag=r21&monomerid=50365262&enzyme=Isoform+C+of+Bromodomain-containing+protein+4+%28Short%29&column=ki&startPg=0&Increment=50&submit=Search			46907787	136969324		CHEMBL1957266				ZINC57318556	1	MSAESGPGTRLRNLPVMGDGLETSQMSTTQAQAQPQPANAASTNPPPPETSNPNKPKRQTNQLQYLLRVVLKTLWKHQFAWPFQQPVDAVKLNLPDYYKIIKTPMDMGTIKKRLENNYYWNAQECIQDFNTMFTNCYIYNKPGDDIVLMAEALEKLFLQKINELPTEETEIMIVQAKGRGRGRKETGTAKPGVSTVPNTTQASTPPQTQTPQPNPPPVQATPHPFPAVTPDLIVQTPVMTVVPPQPLQTPPPVPPQPQPPPAPAPQPVQSHPPIIAATPQPVKTKKGVKRKADTTTPTTIDPIHEPPSLPPEPKTTKLGQRRESSRPVKPPKKDVPDSQQHPAPEKSSKVSEQLKCCSGILKEMFAKKHAAYAWPFYKPVDVEALGLHDYCDIIKHPMDMSTIKSKLEAREYRDAQEFGADVRLMFSNCYKYNPPDHEVVAMARKLQDVFEMRFAKMPDEPEEPVVAVSSPAVPPPTKVVAPPSSSDSSSDSSSDSDSSTDDSEEERAQRLAELQEQLKAVHEQLAALSQPQQNKPKKKEKDKKEKKKEKHKRKEEVEENKKSKAKEPPPKKTKKNNSSNSNVSKKEPAPMKSKPPPTYESEEEDKCKPMSYEEKRQLSLDINKLPGEKLGRVVHIIQSREPSLKNSNPDEIEIDFETLKPSTLRELERYVTSCLRKKRKPQAEKVDVIAGSSKMKGFSSSESESSSESSSSDSEDSETGPA	2I8N,2JNS,2LSP,2MJV,2N3K,2NCZ,2ND0,2ND1,2OUO,2YEM,4DON,4HXK,4HXL,4HXM,4HXN,4HXO,4HXP,4HXR,4HXS,4KV4,4LYS,4Z93,5D24,5D25,5D3H,5D3J,5D3N,5D3S,5H21,5HQ7,5I80,5I88,5JWM,5KU3,5T35,5U28,5U2C,5UEO,5UEP,5UEQ,5UER,5UES,5UET,5UEU,5UEV,5UEX,5UEY,5UEZ,5UF0,5UOO,5UVS,5UVT,5UVU,5UVV,5UVW,5UVX,5UVY,5UVZ,5VZS,5W55,5WA5,5WUU,5XHY,5XI2,5XI3,5XI4,5Y1Y,5Z5T,5Z5U,5Z5V,5Z9C,6AJV,6AJW,6AJX,6AJY,6AJZ,6BNH,6C7Q,6CD4,6CJ2,6CKR,6CKS,6DJC,6DNE,6DUV,6FFD,6IN1,6JI3,6JI4,6JI5,6JJ3,6JJ5,6JJ6,6JJB,6KO2,6LG4,6LG5,6LG6,6LG7,6LG8,6LG9,6LIH,6LIM,6MNL,6P05,6SIS,6VIW,6VIX,6VIZ,6WW8,6X7D,7AQT,7C2Z,7C6P,7EHW,7EHY,7EIG,7EIK,7EIL,7FH2,7JKW,7JKX,7JKY,7JKZ,7KO0,7LA9,7REK,7RUH,7RUI,7TV0,7USJ,7USK,7ZNT,8BDT,8BDX,8G46,8GPZ,8GQ0	Bromodomain-containing protein 4	BRD4_HUMAN	O60885	O60433 Q4G0X8 Q86YS8 Q96PD3						
